Time,heatExchanger.Tcold_IN,heatExchanger.Tcold_OUT,heatExchanger.Thot_IN,heatExchanger.Thot_OUT,heatExchanger.metal.T,heatExchanger.mFlow_HOT,heatExchanger.mFlow_COLD
0,293.15,293.15,293.15,293.15,293.15,0.5,0.3
1.6,293.15,293.15,293.15,293.15,293.15,0.5,0.3
3.2,293.15,293.15,293.15,293.15,293.15,0.5,0.3
4.8,293.15,293.15,293.15,293.15,293.15,0.5,0.3
6.4,293.15,293.15,293.15,293.15,293.15,0.5,0.3
8,293.15,293.15,293.15,293.15,293.15,0.5,0.3
9.6,293.15,293.15,293.15,293.15,293.15,0.5,0.3
11.2,293.15,293.15,293.15,293.15,293.15,0.5,0.3
12.8,293.15,293.15,293.15,293.15,293.15,0.5,0.3
14.4,293.15,293.15,293.15,293.15,293.15,0.5,0.3
16,293.15,293.15,293.15,293.15,293.15,0.5,0.3
17.6,293.15,293.15,293.15,293.15,293.15,0.5,0.3
19.2,293.15,293.15,293.15,293.15,293.15,0.5,0.3
20.8,293.15,293.15,293.15,293.15,293.15,0.5,0.3
22.4,293.15,293.15,293.15,293.15,293.15,0.5,0.3
24,293.15,293.15,293.15,293.15,293.15,0.5,0.3
25.6,293.15,293.15,293.15,293.15,293.15,0.5,0.3
27.2,293.15,293.15,293.15,293.15,293.15,0.5,0.3
28.8,293.15,293.15,293.15,293.15,293.15,0.5,0.3
29.9,293.15,293.15,293.15,293.15,293.15,0.5,0.3
30,293.15,293.15,293.15,293.15,293.15,0.5,0.3
30.4,293.07,293.15,293.31,293.15,293.15,0.5,0.3
32,292.75,293.15,293.95,293.15,293.152,0.5,0.3
33.6,292.43,293.15,294.59,293.15,293.159,0.5,0.3
35.2,292.11,293.15,295.23,293.15,293.173,0.5,0.3
36.8,291.79,293.15,295.87,293.15,293.193,0.5,0.3
38.4,291.47,293.15,296.51,293.15,293.221,0.5,0.3
40,291.15,293.15,297.15,293.15,293.256,0.5,0.3
41.6,290.83,293.15,297.79,293.151,293.297,0.5,0.3
43.2,290.51,293.15,298.43,293.151,293.345,0.5,0.3
44.8,290.19,293.151,299.07,293.151,293.4,0.5,0.3
46.4,289.87,293.151,299.71,293.152,293.461,0.5,0.3
48,289.55,293.151,300.35,293.153,293.529,0.5,0.3
49.6,289.23,293.151,300.99,293.154,293.603,0.5,0.3
51.2,288.91,293.152,301.63,293.155,293.683,0.5,0.3
52.8,288.59,293.152,302.27,293.157,293.769,0.5,0.3
54.4,288.27,293.153,302.91,293.159,293.862,0.5,0.3
56,287.95,293.153,303.55,293.162,293.961,0.5,0.3
57.6,287.63,293.154,304.19,293.166,294.065,0.5,0.3
59.2,287.31,293.154,304.83,293.172,294.176,0.5,0.3
60.8,286.99,293.155,305.47,293.179,294.294,0.5,0.3
62.4,286.67,293.156,306.11,293.188,294.417,0.5,0.3
64,286.35,293.156,306.75,293.2,294.546,0.5,0.3
65.6,286.03,293.157,307.39,293.215,294.682,0.5,0.3
67.2,285.71,293.158,308.03,293.233,294.824,0.5,0.3
68.8,285.39,293.159,308.67,293.255,294.971,0.5,0.3
70.4,285.07,293.159,309.31,293.282,295.125,0.5,0.3
72,284.75,293.16,309.95,293.315,295.285,0.5,0.3
73.6,284.43,293.161,310.59,293.353,295.45,0.5,0.3
75.2,284.11,293.161,311.23,293.398,295.622,0.5,0.3
76.8,283.79,293.161,311.87,293.452,295.8,0.5,0.3
78.4,283.47,293.161,312.51,293.513,295.983,0.5,0.3
79.9,283.15,293.161,313.15,293.585,296.172,0.5,0.3
80,283.15,293.161,313.15,293.585,296.172,0.5,0.3
81.6,283.15,293.161,313.15,293.666,296.366,0.5,0.3
83.2,283.15,293.16,313.15,293.759,296.56,0.5,0.3
84.8,283.15,293.159,313.15,293.865,296.754,0.5,0.3
86.4,283.15,293.157,313.15,293.983,296.946,0.5,0.3
88,283.15,293.154,313.15,294.115,297.136,0.5,0.3
89.6,283.15,293.15,313.15,294.262,297.324,0.5,0.3
91.2,283.15,293.146,313.15,294.423,297.51,0.5,0.3
92.8,283.15,293.14,313.15,294.599,297.694,0.5,0.3
94.4,283.15,293.134,313.15,294.791,297.876,0.5,0.3
96,283.15,293.126,313.15,294.998,298.056,0.5,0.3
97.6,283.15,293.117,313.15,295.221,298.234,0.5,0.3
99.2,283.15,293.106,313.15,295.46,298.41,0.5,0.3
100.8,283.15,293.093,313.15,295.716,298.583,0.5,0.3
102.4,283.15,293.079,313.15,295.987,298.754,0.5,0.3
104,283.15,293.063,313.15,296.274,298.922,0.5,0.3
105.6,283.15,293.045,313.15,296.577,299.087,0.5,0.3
107.2,283.15,293.024,313.15,296.894,299.249,0.5,0.3
108.8,283.15,293.001,313.15,297.226,299.408,0.5,0.3
110.4,283.15,292.975,313.15,297.572,299.564,0.5,0.3
112,283.15,292.947,313.15,297.931,299.716,0.5,0.3
113.6,283.15,292.916,313.15,298.301,299.864,0.5,0.3
115.2,283.15,292.882,313.15,298.684,300.009,0.5,0.3
116.8,283.15,292.844,313.15,299.077,300.149,0.5,0.3
118.4,283.15,292.804,313.15,299.48,300.285,0.5,0.3
120,283.15,292.76,313.15,299.891,300.417,0.5,0.3
121.6,283.15,292.712,313.15,300.308,300.545,0.5,0.3
123.2,283.15,292.661,313.15,300.732,300.668,0.5,0.3
124.8,283.15,292.606,313.15,301.16,300.786,0.5,0.3
126.4,283.15,292.548,313.15,301.59,300.899,0.5,0.3
128,283.15,292.486,313.15,302.022,301.008,0.5,0.3
129.6,283.15,292.419,313.15,302.454,301.112,0.5,0.3
131.2,283.15,292.349,313.15,302.885,301.211,0.5,0.3
132.8,283.15,292.275,313.15,303.314,301.305,0.5,0.3
134.4,283.15,292.198,313.15,303.738,301.395,0.5,0.3
136,283.15,292.116,313.15,304.157,301.479,0.5,0.3
137.6,283.15,292.03,313.15,304.569,301.559,0.5,0.3
139.2,283.15,291.941,313.15,304.973,301.634,0.5,0.3
140.8,283.15,291.847,313.15,305.369,301.704,0.5,0.3
142.4,283.15,291.75,313.15,305.756,301.77,0.5,0.3
144,283.15,291.65,313.15,306.131,301.831,0.5,0.3
145.6,283.15,291.546,313.15,306.495,301.888,0.5,0.3
147.2,283.15,291.438,313.15,306.847,301.94,0.5,0.3
148.8,283.15,291.328,313.15,307.186,301.989,0.5,0.3
150.4,283.15,291.214,313.15,307.512,302.033,0.5,0.3
152,283.15,291.098,313.15,307.825,302.074,0.5,0.3
153.6,283.15,290.979,313.15,308.125,302.111,0.5,0.3
155.2,283.15,290.857,313.15,308.411,302.144,0.5,0.3
156.8,283.15,290.733,313.15,308.683,302.174,0.5,0.3
158.4,283.15,290.606,313.15,308.941,302.201,0.5,0.3
160,283.15,290.478,313.15,309.186,302.225,0.5,0.3
161.6,283.15,290.348,313.15,309.418,302.247,0.5,0.3
163.2,283.15,290.217,313.15,309.638,302.265,0.5,0.3
164.8,283.15,290.085,313.15,309.845,302.281,0.5,0.3
166.4,283.15,289.951,313.15,310.039,302.295,0.5,0.3
168,283.15,289.816,313.15,310.222,302.307,0.5,0.3
169.6,283.15,289.681,313.15,310.394,302.316,0.5,0.3
171.2,283.15,289.546,313.15,310.555,302.324,0.5,0.3
172.8,283.15,289.41,313.15,310.705,302.33,0.5,0.3
174.4,283.15,289.274,313.15,310.846,302.335,0.5,0.3
176,283.15,289.139,313.15,310.978,302.338,0.5,0.3
177.6,283.15,289.004,313.15,311.1,302.34,0.5,0.3
179.2,283.15,288.869,313.15,311.214,302.341,0.5,0.3
180.8,283.15,288.736,313.15,311.321,302.34,0.5,0.3
182.4,283.15,288.603,313.15,311.419,302.339,0.5,0.3
184,283.15,288.471,313.15,311.511,302.337,0.5,0.3
185.6,283.15,288.341,313.15,311.597,302.334,0.5,0.3
187.2,283.15,288.212,313.15,311.676,302.33,0.5,0.3
188.8,283.15,288.085,313.15,311.75,302.326,0.5,0.3
190.4,283.15,287.96,313.15,311.818,302.322,0.5,0.3
192,283.15,287.836,313.15,311.88,302.317,0.5,0.3
193.6,283.15,287.714,313.15,311.938,302.311,0.5,0.3
195.2,283.15,287.595,313.15,311.99,302.305,0.5,0.3
196.8,283.15,287.477,313.15,312.038,302.299,0.5,0.3
198.4,283.15,287.362,313.15,312.081,302.293,0.5,0.3
200,283.15,287.249,313.15,312.121,302.286,0.5,0.3
201.6,283.15,287.138,313.15,312.156,302.279,0.5,0.3
203.2,283.15,287.03,313.15,312.188,302.272,0.5,0.3
204.8,283.15,286.924,313.15,312.217,302.265,0.5,0.3
206.4,283.15,286.821,313.15,312.244,302.258,0.5,0.3
208,283.15,286.72,313.15,312.269,302.251,0.5,0.3
209.6,283.15,286.622,313.15,312.291,302.245,0.5,0.3
211.2,283.15,286.527,313.15,312.311,302.238,0.5,0.3
212.8,283.15,286.435,313.15,312.329,302.231,0.5,0.3
214.4,283.15,286.345,313.15,312.346,302.224,0.5,0.3
216,283.15,286.258,313.15,312.361,302.218,0.5,0.3
217.6,283.15,286.173,313.15,312.375,302.211,0.5,0.3
219.2,283.15,286.091,313.15,312.387,302.205,0.5,0.3
220.8,283.15,286.012,313.15,312.398,302.199,0.5,0.3
222.4,283.15,285.936,313.15,312.408,302.193,0.5,0.3
224,283.15,285.862,313.15,312.417,302.187,0.5,0.3
225.6,283.15,285.79,313.15,312.425,302.182,0.5,0.3
227.2,283.15,285.722,313.15,312.432,302.176,0.5,0.3
228.8,283.15,285.655,313.15,312.439,302.171,0.5,0.3
230.4,283.15,285.591,313.15,312.445,302.166,0.5,0.3
232,283.15,285.53,313.15,312.451,302.161,0.5,0.3
233.6,283.15,285.47,313.15,312.456,302.156,0.5,0.3
235.2,283.15,285.414,313.15,312.461,302.152,0.5,0.3
236.8,283.15,285.359,313.15,312.466,302.147,0.5,0.3
238.4,283.15,285.306,313.15,312.47,302.143,0.5,0.3
240,283.15,285.256,313.15,312.473,302.139,0.5,0.3
241.6,283.15,285.207,313.15,312.476,302.135,0.5,0.3
243.2,283.15,285.161,313.15,312.479,302.131,0.5,0.3
244.8,283.15,285.116,313.15,312.482,302.128,0.5,0.3
246.4,283.15,285.074,313.15,312.485,302.124,0.5,0.3
248,283.15,285.033,313.15,312.488,302.121,0.5,0.3
249.6,283.15,284.994,313.15,312.49,302.118,0.5,0.3
251.2,283.15,284.957,313.15,312.492,302.115,0.5,0.3
252.8,283.15,284.921,313.15,312.493,302.112,0.5,0.3
254.4,283.15,284.887,313.15,312.494,302.109,0.5,0.3
256,283.15,284.855,313.15,312.495,302.106,0.5,0.3
257.6,283.15,284.824,313.15,312.497,302.103,0.5,0.3
259.2,283.15,284.794,313.15,312.498,302.101,0.5,0.3
260.8,283.15,284.766,313.15,312.498,302.099,0.5,0.3
262.4,283.15,284.739,313.15,312.499,302.096,0.5,0.3
264,283.15,284.713,313.15,312.499,302.094,0.5,0.3
265.6,283.15,284.689,313.15,312.499,302.092,0.5,0.3
267.2,283.15,284.665,313.15,312.499,302.09,0.5,0.3
268.8,283.15,284.643,313.15,312.499,302.088,0.5,0.3
270.4,283.15,284.622,313.15,312.498,302.086,0.5,0.3
272,283.15,284.601,313.15,312.498,302.084,0.5,0.3
273.6,283.15,284.582,313.15,312.497,302.083,0.5,0.3
275.2,283.15,284.564,313.15,312.496,302.081,0.5,0.3
276.8,283.15,284.547,313.15,312.495,302.08,0.5,0.3
278.4,283.15,284.53,313.15,312.495,302.078,0.5,0.3
280,283.15,284.515,313.15,312.494,302.077,0.5,0.3
281.6,283.15,284.5,313.15,312.493,302.075,0.5,0.3
283.2,283.15,284.486,313.15,312.492,302.074,0.5,0.3
284.8,283.15,284.473,313.15,312.491,302.073,0.5,0.3
286.4,283.15,284.46,313.15,312.49,302.072,0.5,0.3
288,283.15,284.448,313.15,312.488,302.071,0.5,0.3
289.6,283.15,284.437,313.15,312.487,302.07,0.5,0.3
291.2,283.15,284.426,313.15,312.486,302.069,0.5,0.3
292.8,283.15,284.416,313.15,312.485,302.068,0.5,0.3
294.4,283.15,284.406,313.15,312.484,302.067,0.5,0.3
296,283.15,284.397,313.15,312.483,302.066,0.5,0.3
297.6,283.15,284.389,313.15,312.483,302.066,0.5,0.3
299.2,283.15,284.381,313.15,312.482,302.065,0.5,0.3
300.8,283.15,284.373,313.15,312.481,302.064,0.5,0.3
302.4,283.15,284.366,313.15,312.481,302.064,0.5,0.3
304,283.15,284.36,313.15,312.481,302.063,0.5,0.3
305.6,283.15,284.354,313.15,312.481,302.063,0.5,0.3
307.2,283.15,284.348,313.15,312.481,302.062,0.5,0.3
308.8,283.15,284.342,313.15,312.481,302.062,0.5,0.3
310.4,283.15,284.338,313.15,312.48,302.062,0.5,0.3
312,283.15,284.333,313.15,312.48,302.061,0.5,0.3
313.6,283.15,284.329,313.15,312.48,302.061,0.5,0.3
315.2,283.15,284.325,313.15,312.479,302.061,0.5,0.3
316.8,283.15,284.321,313.15,312.479,302.06,0.5,0.3
318.4,283.15,284.318,313.15,312.479,302.06,0.5,0.3
320,283.15,284.315,313.15,312.479,302.06,0.5,0.3
321.6,283.15,284.312,313.15,312.479,302.06,0.5,0.3
323.2,283.15,284.309,313.15,312.478,302.059,0.5,0.3
324.8,283.15,284.307,313.15,312.478,302.059,0.5,0.3
326.4,283.15,284.304,313.15,312.479,302.059,0.5,0.3
328,283.15,284.302,313.15,312.479,302.059,0.5,0.3
329.6,283.15,284.3,313.15,312.479,302.059,0.5,0.3
331.2,283.15,284.298,313.15,312.479,302.059,0.5,0.3
332.8,283.15,284.296,313.15,312.48,302.059,0.5,0.3
334.4,283.15,284.294,313.15,312.48,302.059,0.5,0.3
336,283.15,284.292,313.15,312.48,302.058,0.5,0.3
337.6,283.15,284.289,313.15,312.48,302.058,0.5,0.3
339.2,283.15,284.287,313.15,312.48,302.058,0.5,0.3
340.8,283.15,284.286,313.15,312.48,302.058,0.5,0.3
342.4,283.15,284.284,313.15,312.48,302.058,0.5,0.3
344,283.15,284.282,313.15,312.481,302.058,0.5,0.3
345.6,283.15,284.281,313.15,312.481,302.058,0.5,0.3
347.2,283.15,284.279,313.15,312.481,302.058,0.5,0.3
348.8,283.15,284.278,313.15,312.481,302.057,0.5,0.3
350.4,283.15,284.277,313.15,312.481,302.057,0.5,0.3
352,283.15,284.275,313.15,312.482,302.057,0.5,0.3
353.6,283.15,284.274,313.15,312.482,302.057,0.5,0.3
355.2,283.15,284.274,313.15,312.482,302.057,0.5,0.3
356.8,283.15,284.273,313.15,312.483,302.057,0.5,0.3
358.4,283.15,284.272,313.15,312.483,302.057,0.5,0.3
359.9,283.15,284.271,313.15,312.483,302.057,0.5,0.3
360,283.15,284.271,313.15,312.483,302.057,0.7,0.3
361.6,283.15,284.271,313.15,312.486,302.725,0.7,0.3
363.2,283.15,284.271,313.15,312.49,303.046,0.7,0.3
364.8,283.15,284.272,313.15,312.494,303.191,0.7,0.3
366.4,283.15,284.272,313.15,312.498,303.256,0.7,0.3
368,283.15,284.273,313.15,312.502,303.287,0.7,0.3
369.6,283.15,284.273,313.15,312.507,303.302,0.7,0.3
371.2,283.15,284.274,313.15,312.511,303.31,0.7,0.3
372.8,283.15,284.274,313.15,312.515,303.317,0.7,0.3
374.4,283.15,284.275,313.15,312.519,303.321,0.7,0.3
376,283.15,284.275,313.15,312.523,303.324,0.7,0.3
377.6,283.15,284.276,313.15,312.527,303.328,0.7,0.3
379.2,283.15,284.276,313.15,312.531,303.332,0.7,0.3
380.8,283.15,284.277,313.15,312.535,303.334,0.7,0.3
382.4,283.15,284.278,313.15,312.539,303.336,0.7,0.3
384,283.15,284.278,313.15,312.542,303.338,0.7,0.3
385.6,283.15,284.279,313.15,312.546,303.34,0.7,0.3
387.2,283.15,284.28,313.15,312.55,303.342,0.7,0.3
388.8,283.15,284.28,313.15,312.553,303.344,0.7,0.3
390.4,283.15,284.281,313.15,312.557,303.346,0.7,0.3
392,283.15,284.282,313.15,312.561,303.348,0.7,0.3
393.6,283.15,284.282,313.15,312.563,303.349,0.7,0.3
395.2,283.15,284.283,313.15,312.566,303.35,0.7,0.3
396.8,283.15,284.284,313.15,312.568,303.351,0.7,0.3
398.4,283.15,284.285,313.15,312.571,303.352,0.7,0.3
400,283.15,284.285,313.15,312.573,303.353,0.7,0.3
401.6,283.15,284.286,313.15,312.576,303.354,0.7,0.3
403.2,283.15,284.287,313.15,312.578,303.355,0.7,0.3
404.8,283.15,284.287,313.15,312.58,303.356,0.7,0.3
406.4,283.15,284.288,313.15,312.583,303.357,0.7,0.3
408,283.15,284.289,313.15,312.585,303.358,0.7,0.3
409.6,283.15,284.29,313.15,312.588,303.359,0.7,0.3
411.2,283.15,284.29,313.15,312.59,303.36,0.7,0.3
412.8,283.15,284.291,313.15,312.593,303.361,0.7,0.3
414.4,283.15,284.292,313.15,312.595,303.362,0.7,0.3
416,283.15,284.293,313.15,312.597,303.363,0.7,0.3
417.6,283.15,284.293,313.15,312.6,303.364,0.7,0.3
419.2,283.15,284.294,313.15,312.602,303.364,0.7,0.3
420.8,283.15,284.295,313.15,312.603,303.365,0.7,0.3
422.4,283.15,284.296,313.15,312.604,303.365,0.7,0.3
424,283.15,284.296,313.15,312.605,303.366,0.7,0.3
425.6,283.15,284.297,313.15,312.607,303.366,0.7,0.3
427.2,283.15,284.298,313.15,312.608,303.367,0.7,0.3
428.8,283.15,284.298,313.15,312.609,303.367,0.7,0.3
430.4,283.15,284.299,313.15,312.611,303.368,0.7,0.3
432,283.15,284.3,313.15,312.612,303.368,0.7,0.3
433.6,283.15,284.301,313.15,312.613,303.369,0.7,0.3
435.2,283.15,284.301,313.15,312.615,303.369,0.7,0.3
436.8,283.15,284.302,313.15,312.616,303.37,0.7,0.3
438.4,283.15,284.303,313.15,312.617,303.37,0.7,0.3
440,283.15,284.303,313.15,312.619,303.371,0.7,0.3
441.6,283.15,284.304,313.15,312.62,303.371,0.7,0.3
443.2,283.15,284.305,313.15,312.621,303.372,0.7,0.3
444.8,283.15,284.306,313.15,312.622,303.372,0.7,0.3
446.4,283.15,284.306,313.15,312.623,303.373,0.7,0.3
448,283.15,284.307,313.15,312.623,303.373,0.7,0.3
449.6,283.15,284.307,313.15,312.623,303.373,0.7,0.3
451.2,283.15,284.308,313.15,312.624,303.373,0.7,0.3
452.8,283.15,284.308,313.15,312.624,303.373,0.7,0.3
454.4,283.15,284.309,313.15,312.625,303.373,0.7,0.3
456,283.15,284.309,313.15,312.625,303.374,0.7,0.3
457.6,283.15,284.31,313.15,312.625,303.374,0.7,0.3
459.2,283.15,284.31,313.15,312.626,303.374,0.7,0.3
460.8,283.15,284.311,313.15,312.626,303.374,0.7,0.3
462.4,283.15,284.311,313.15,312.627,303.374,0.7,0.3
464,283.15,284.312,313.15,312.627,303.374,0.7,0.3
465.6,283.15,284.312,313.15,312.627,303.375,0.7,0.3
467.2,283.15,284.313,313.15,312.628,303.375,0.7,0.3
468.8,283.15,284.313,313.15,312.628,303.375,0.7,0.3
470.4,283.15,284.314,313.15,312.629,303.375,0.7,0.3
472,283.15,284.314,313.15,312.629,303.375,0.7,0.3
473.6,283.15,284.315,313.15,312.629,303.375,0.7,0.3
475.2,283.15,284.315,313.15,312.63,303.376,0.7,0.3
476.8,283.15,284.316,313.15,312.63,303.376,0.7,0.3
478.4,283.15,284.316,313.15,312.631,303.376,0.7,0.3
480,283.15,284.317,313.15,312.631,303.376,0.7,0.3
481.6,283.15,284.317,313.15,312.631,303.376,0.7,0.3
483.2,283.15,284.318,313.15,312.632,303.377,0.7,0.3
484.8,283.15,284.318,313.15,312.632,303.377,0.7,0.3
486.4,283.15,284.319,313.15,312.633,303.377,0.7,0.3
488,283.15,284.319,313.15,312.633,303.377,0.7,0.3
489.6,283.15,284.32,313.15,312.633,303.377,0.7,0.3
491.2,283.15,284.32,313.15,312.634,303.377,0.7,0.3
492.8,283.15,284.321,313.15,312.634,303.378,0.7,0.3
494.4,283.15,284.321,313.15,312.635,303.378,0.7,0.3
496,283.15,284.322,313.15,312.635,303.378,0.7,0.3
497.6,283.15,284.322,313.15,312.635,303.378,0.7,0.3
499.2,283.15,284.322,313.15,312.635,303.378,0.7,0.3
500.8,283.15,284.323,313.15,312.635,303.378,0.7,0.3
502.4,283.15,284.323,313.15,312.635,303.378,0.7,0.3
504,283.15,284.323,313.15,312.636,303.378,0.7,0.3
505.6,283.15,284.324,313.15,312.636,303.378,0.7,0.3
507.2,283.15,284.324,313.15,312.636,303.378,0.7,0.3
508.8,283.15,284.324,313.15,312.636,303.378,0.7,0.3
510.4,283.15,284.324,313.15,312.636,303.378,0.7,0.3
512,283.15,284.325,313.15,312.636,303.379,0.7,0.3
513.6,283.15,284.325,313.15,312.636,303.379,0.7,0.3
515.2,283.15,284.325,313.15,312.636,303.379,0.7,0.3
516.8,283.15,284.326,313.15,312.636,303.379,0.7,0.3
518.4,283.15,284.326,313.15,312.637,303.379,0.7,0.3
520,283.15,284.326,313.15,312.637,303.379,0.7,0.3
521.6,283.15,284.327,313.15,312.637,303.379,0.7,0.3
523.2,283.15,284.327,313.15,312.637,303.379,0.7,0.3
524.8,283.15,284.327,313.15,312.637,303.379,0.7,0.3
526.4,283.15,284.327,313.15,312.637,303.379,0.7,0.3
528,283.15,284.328,313.15,312.637,303.379,0.7,0.3
529.6,283.15,284.328,313.15,312.637,303.379,0.7,0.3
531.2,283.15,284.328,313.15,312.637,303.379,0.7,0.3
532.8,283.15,284.329,313.15,312.637,303.379,0.7,0.3
534.4,283.15,284.329,313.15,312.638,303.379,0.7,0.3
536,283.15,284.329,313.15,312.638,303.379,0.7,0.3
537.6,283.15,284.329,313.15,312.638,303.379,0.7,0.3
539.2,283.15,284.33,313.15,312.638,303.38,0.7,0.3
540.8,283.15,284.33,313.15,312.638,303.38,0.7,0.3
542.4,283.15,284.33,313.15,312.638,303.38,0.7,0.3
544,283.15,284.331,313.15,312.638,303.38,0.7,0.3
545.6,283.15,284.331,313.15,312.638,303.38,0.7,0.3
547.2,283.15,284.331,313.15,312.638,303.38,0.7,0.3
548.8,283.15,284.332,313.15,312.638,303.38,0.7,0.3
550.4,283.15,284.332,313.15,312.639,303.38,0.7,0.3
552,283.15,284.332,313.15,312.639,303.38,0.7,0.3
553.6,283.15,284.332,313.15,312.639,303.38,0.7,0.3
555.2,283.15,284.332,313.15,312.639,303.38,0.7,0.3
556.8,283.15,284.332,313.15,312.639,303.38,0.7,0.3
558.4,283.15,284.332,313.15,312.639,303.38,0.7,0.3
560,283.15,284.332,313.15,312.639,303.38,0.7,0.3
561.6,283.15,284.332,313.15,312.639,303.38,0.7,0.3
563.2,283.15,284.333,313.15,312.639,303.38,0.7,0.3
564.8,283.15,284.333,313.15,312.639,303.38,0.7,0.3
566.4,283.15,284.333,313.15,312.639,303.38,0.7,0.3
568,283.15,284.333,313.15,312.639,303.38,0.7,0.3
569.6,283.15,284.333,313.15,312.639,303.38,0.7,0.3
571.2,283.15,284.333,313.15,312.639,303.38,0.7,0.3
572.8,283.15,284.333,313.15,312.639,303.38,0.7,0.3
574.4,283.15,284.333,313.15,312.639,303.38,0.7,0.3
576,283.15,284.333,313.15,312.639,303.38,0.7,0.3
577.6,283.15,284.333,313.15,312.639,303.38,0.7,0.3
579.2,283.15,284.334,313.15,312.639,303.38,0.7,0.3
580.8,283.15,284.334,313.15,312.639,303.38,0.7,0.3
582.4,283.15,284.334,313.15,312.639,303.38,0.7,0.3
584,283.15,284.334,313.15,312.639,303.38,0.7,0.3
585.6,283.15,284.334,313.15,312.639,303.38,0.7,0.3
587.2,283.15,284.334,313.15,312.639,303.38,0.7,0.3
588.8,283.15,284.334,313.15,312.639,303.38,0.7,0.3
590.4,283.15,284.334,313.15,312.639,303.38,0.7,0.3
592,283.15,284.334,313.15,312.639,303.38,0.7,0.3
593.6,283.15,284.335,313.15,312.639,303.38,0.7,0.3
595.2,283.15,284.335,313.15,312.639,303.38,0.7,0.3
596.8,283.15,284.335,313.15,312.639,303.38,0.7,0.3
598.4,283.15,284.335,313.15,312.639,303.38,0.7,0.3
600,283.15,284.335,313.15,312.639,303.38,0.7,0.3
601.6,283.15,284.335,313.15,312.639,303.38,0.7,0.3
603.2,283.15,284.335,313.15,312.639,303.38,0.7,0.3
604.8,283.15,284.335,313.15,312.639,303.38,0.7,0.3
606.4,283.15,284.335,313.15,312.639,303.38,0.7,0.3
608,283.15,284.335,313.15,312.639,303.38,0.7,0.3
609.6,283.15,284.336,313.15,312.639,303.38,0.7,0.3
611.2,283.15,284.336,313.15,312.639,303.38,0.7,0.3
612.8,283.15,284.336,313.15,312.639,303.38,0.7,0.3
614.4,283.15,284.336,313.15,312.639,303.38,0.7,0.3
616,283.15,284.336,313.15,312.639,303.38,0.7,0.3
617.6,283.15,284.336,313.15,312.639,303.38,0.7,0.3
619.2,283.15,284.336,313.15,312.639,303.381,0.7,0.3
620.8,283.15,284.336,313.15,312.639,303.381,0.7,0.3
622.4,283.15,284.336,313.15,312.639,303.381,0.7,0.3
624,283.15,284.337,313.15,312.639,303.381,0.7,0.3
625.6,283.15,284.337,313.15,312.639,303.381,0.7,0.3
627.2,283.15,284.337,313.15,312.639,303.381,0.7,0.3
628.8,283.15,284.337,313.15,312.639,303.381,0.7,0.3
630.4,283.15,284.337,313.15,312.639,303.381,0.7,0.3
632,283.15,284.337,313.15,312.639,303.381,0.7,0.3
633.6,283.15,284.337,313.15,312.639,303.381,0.7,0.3
635.2,283.15,284.337,313.15,312.639,303.381,0.7,0.3
636.8,283.15,284.337,313.15,312.639,303.381,0.7,0.3
638.4,283.15,284.337,313.15,312.639,303.381,0.7,0.3
640,283.15,284.338,313.15,312.639,303.381,0.7,0.3
641.6,283.15,284.338,313.15,312.639,303.381,0.7,0.3
643.2,283.15,284.338,313.15,312.639,303.381,0.7,0.3
644.8,283.15,284.338,313.15,312.639,303.381,0.7,0.3
646.4,283.15,284.338,313.15,312.639,303.381,0.7,0.3
648,283.15,284.338,313.15,312.639,303.381,0.7,0.3
649.6,283.15,284.338,313.15,312.639,303.381,0.7,0.3
649.9,283.15,284.338,313.15,312.639,303.381,0.7,0.3
650,283.15,284.338,313.15,312.639,303.381,0.7,0.8
651.2,283.15,284.338,313.15,312.637,300.571,0.7,0.8
652.8,283.15,284.331,313.15,312.629,298.99,0.7,0.8
654.4,283.15,284.32,313.15,312.62,298.452,0.7,0.8
656,283.15,284.309,313.15,312.612,298.281,0.7,0.8
657.6,283.15,284.297,313.15,312.603,298.203,0.7,0.8
659.2,283.15,284.285,313.15,312.595,298.157,0.7,0.8
660.8,283.15,284.273,313.15,312.588,298.13,0.7,0.8
662.4,283.15,284.261,313.15,312.58,298.115,0.7,0.8
664,283.15,284.248,313.15,312.572,298.105,0.7,0.8
665.6,283.15,284.235,313.15,312.565,298.095,0.7,0.8
667.2,283.15,284.222,313.15,312.557,298.086,0.7,0.8
668.8,283.15,284.208,313.15,312.55,298.078,0.7,0.8
670.4,283.15,284.194,313.15,312.543,298.072,0.7,0.8
672,283.15,284.179,313.15,312.536,298.065,0.7,0.8
673.6,283.15,284.165,313.15,312.529,298.058,0.7,0.8
675.2,283.15,284.151,313.15,312.522,298.052,0.7,0.8
676.8,283.15,284.136,313.15,312.514,298.045,0.7,0.8
678.4,283.15,284.123,313.15,312.508,298.039,0.7,0.8
680,283.15,284.109,313.15,312.501,298.034,0.7,0.8
681.6,283.15,284.096,313.15,312.495,298.029,0.7,0.8
683.2,283.15,284.083,313.15,312.488,298.023,0.7,0.8
684.8,283.15,284.069,313.15,312.482,298.018,0.7,0.8
686.4,283.15,284.057,313.15,312.476,298.013,0.7,0.8
688,283.15,284.048,313.15,312.471,298.01,0.7,0.8
689.6,283.15,284.039,313.15,312.466,298.007,0.7,0.8
691.2,283.15,284.03,313.15,312.462,298.004,0.7,0.8
692.8,283.15,284.021,313.15,312.457,298.001,0.7,0.8
694.4,283.15,284.012,313.15,312.452,297.998,0.7,0.8
696,283.15,284.003,313.15,312.448,297.994,0.7,0.8
697.6,283.15,283.993,313.15,312.443,297.991,0.7,0.8
699.2,283.15,283.984,313.15,312.438,297.988,0.7,0.8
700.8,283.15,283.975,313.15,312.434,297.985,0.7,0.8
702.4,283.15,283.966,313.15,312.429,297.982,0.7,0.8
704,283.15,283.958,313.15,312.425,297.979,0.7,0.8
705.6,283.15,283.953,313.15,312.422,297.978,0.7,0.8
707.2,283.15,283.947,313.15,312.419,297.976,0.7,0.8
708.8,283.15,283.942,313.15,312.416,297.974,0.7,0.8
710.4,283.15,283.937,313.15,312.413,297.973,0.7,0.8
712,283.15,283.931,313.15,312.41,297.971,0.7,0.8
713.6,283.15,283.926,313.15,312.407,297.97,0.7,0.8
715.2,283.15,283.921,313.15,312.404,297.968,0.7,0.8
716.8,283.15,283.916,313.15,312.401,297.966,0.7,0.8
718.4,283.15,283.91,313.15,312.399,297.965,0.7,0.8
720,283.15,283.905,313.15,312.396,297.963,0.7,0.8
721.6,283.15,283.9,313.15,312.393,297.962,0.7,0.8
723.2,283.15,283.898,313.15,312.391,297.961,0.7,0.8
724.8,283.15,283.895,313.15,312.39,297.96,0.7,0.8
726.4,283.15,283.892,313.15,312.388,297.959,0.7,0.8
728,283.15,283.889,313.15,312.386,297.958,0.7,0.8
729.6,283.15,283.887,313.15,312.385,297.958,0.7,0.8
731.2,283.15,283.884,313.15,312.383,297.957,0.7,0.8
732.8,283.15,283.881,313.15,312.381,297.956,0.7,0.8
734.4,283.15,283.878,313.15,312.38,297.955,0.7,0.8
736,283.15,283.876,313.15,312.378,297.954,0.7,0.8
737.6,283.15,283.873,313.15,312.376,297.954,0.7,0.8
739.2,283.15,283.87,313.15,312.375,297.953,0.7,0.8
740.8,283.15,283.87,313.15,312.374,297.953,0.7,0.8
742.4,283.15,283.869,313.15,312.374,297.953,0.7,0.8
744,283.15,283.868,313.15,312.373,297.952,0.7,0.8
745.6,283.15,283.867,313.15,312.372,297.952,0.7,0.8
747.2,283.15,283.866,313.15,312.372,297.952,0.7,0.8
748.8,283.15,283.865,313.15,312.371,297.952,0.7,0.8
750.4,283.15,283.865,313.15,312.371,297.951,0.7,0.8
752,283.15,283.864,313.15,312.37,297.951,0.7,0.8
753.6,283.15,283.863,313.15,312.369,297.951,0.7,0.8
755.2,283.15,283.862,313.15,312.369,297.951,0.7,0.8
756.8,283.15,283.861,313.15,312.368,297.95,0.7,0.8
758.4,283.15,283.86,313.15,312.368,297.95,0.7,0.8
760,283.15,283.86,313.15,312.367,297.95,0.7,0.8
761.6,283.15,283.859,313.15,312.366,297.95,0.7,0.8
763.2,283.15,283.858,313.15,312.366,297.949,0.7,0.8
764.8,283.15,283.857,313.15,312.365,297.949,0.7,0.8
766.4,283.15,283.856,313.15,312.365,297.949,0.7,0.8
768,283.15,283.855,313.15,312.364,297.949,0.7,0.8
769.6,283.15,283.855,313.15,312.363,297.949,0.7,0.8
771.2,283.15,283.854,313.15,312.363,297.948,0.7,0.8
772.8,283.15,283.853,313.15,312.362,297.948,0.7,0.8
774.4,283.15,283.852,313.15,312.362,297.948,0.7,0.8
776,283.15,283.852,313.15,312.361,297.948,0.7,0.8
777.6,283.15,283.851,313.15,312.361,297.948,0.7,0.8
779.2,283.15,283.851,313.15,312.361,297.948,0.7,0.8
780.8,283.15,283.851,313.15,312.361,297.948,0.7,0.8
782.4,283.15,283.851,313.15,312.361,297.947,0.7,0.8
784,283.15,283.85,313.15,312.36,297.947,0.7,0.8
785.6,283.15,283.85,313.15,312.36,297.947,0.7,0.8
787.2,283.15,283.85,313.15,312.36,297.947,0.7,0.8
788.8,283.15,283.849,313.15,312.36,297.947,0.7,0.8
790.4,283.15,283.849,313.15,312.359,297.947,0.7,0.8
792,283.15,283.849,313.15,312.359,297.947,0.7,0.8
793.6,283.15,283.848,313.15,312.359,297.947,0.7,0.8
795.2,283.15,283.848,313.15,312.359,297.947,0.7,0.8
796.8,283.15,283.848,313.15,312.358,297.947,0.7,0.8
798.4,283.15,283.848,313.15,312.358,297.947,0.7,0.8
800,283.15,283.847,313.15,312.358,297.947,0.7,0.8
