Time,valveStuck.m_flow,valveStuck.m_flow_real,valveStuck.cmd,valveStuck.bias,valveStuck.lambda,valveStuck.dp,valveStuck.T_in,valveStuck.valve.opening
0,0,0,1,0,0.01,0,288.15,1
0.72,0.12138,0.127479,1,0,0.01,729.54,288.366,1
1.44,0.172047,0.180282,1,0,0.01,1459.08,288.582,1
2.16,0.21119,0.2208,1,0,0.01,2188.62,288.798,1
2.88,0.244412,0.254957,1,0,0.01,2918.16,289.014,1
3.6,0.273877,0.285051,1,0,0.01,3647.7,289.23,1
4.32,0.300692,0.312258,1,0,0.01,4377.24,289.446,1
5.04,0.325513,0.337277,1,0,0.01,5106.78,289.662,1
5.76,0.348766,0.360564,1,0,0.01,5836.32,289.878,1
6.48,0.370749,0.382436,1,0,0.01,6565.86,290.094,1
7.2,0.391674,0.403123,1,0,0.01,7295.4,290.31,1
7.92,0.411705,0.422799,1,0,0.01,8024.94,290.526,1
8.64,0.430965,0.441599,1,0,0.01,8754.48,290.742,1
9.36,0.449556,0.459631,1,0,0.01,9484.02,290.958,1
10.08,0.467556,0.476981,1,0,0.01,10213.6,291.174,1
10.8,0.485033,0.493723,1,0,0.01,10943.1,291.39,1
11.52,0.502042,0.509915,1,0,0.01,11672.6,291.606,1
12.24,0.518628,0.525608,1,0,0.01,12402.2,291.822,1
12.96,0.534832,0.540846,1,0,0.01,13131.7,292.038,1
13.68,0.550688,0.555667,1,0,0.01,13861.3,292.254,1
14.4,0.566225,0.570102,1,0,0.01,14590.8,292.47,1
15.12,0.58147,0.584181,1,0,0.01,15320.3,292.686,1
15.84,0.596445,0.597928,1,0,0.01,16049.9,292.902,1
16.56,0.611171,0.611366,1,0,0.01,16779.4,293.118,1
17.28,0.625664,0.624515,1,0,0.01,17509,293.334,1
18,0.639943,0.637393,1,0,0.01,18238.5,293.55,1
18.72,0.65402,0.650016,1,0,0.01,18968,293.766,1
19.44,0.66791,0.662399,1,0,0.01,19697.6,293.982,1
20.16,0.681623,0.674554,1,0,0.01,20427.1,294.198,1
20.88,0.695171,0.686494,1,0,0.01,21156.7,294.414,1
21.6,0.708563,0.698229,1,0,0.01,21886.2,294.63,1
22.32,0.721809,0.709771,1,0,0.01,22615.7,294.846,1
23.04,0.734916,0.721128,1,0,0.01,23345.3,295.062,1
23.76,0.747893,0.732309,1,0,0.01,24074.8,295.278,1
24.48,0.760745,0.743322,1,0,0.01,24804.4,295.494,1
25.2,0.773481,0.754174,1,0,0.01,25533.9,295.71,1
25.92,0.786105,0.764872,1,0,0.01,26263.4,295.926,1
26.64,0.798623,0.775422,1,0,0.01,26993,296.142,1
27.36,0.811041,0.785831,1,0,0.01,27722.5,296.358,1
28.08,0.823363,0.796104,1,0,0.01,28452.1,296.574,1
28.8,0.835593,0.806246,1,0,0.01,29181.6,296.79,1
29.52,0.847737,0.816262,1,0,0.01,29911.1,297.006,1
30.24,0.859797,0.826156,1,0,0.01,30640.7,297.222,1
30.96,0.871778,0.835933,1,0,0.01,31370.2,297.438,1
31.68,0.883683,0.845598,1,0,0.01,32099.8,297.654,1
32.4,0.895516,0.855153,1,0,0.01,32829.3,297.87,1
33.12,0.907279,0.864602,1,0,0.01,33558.8,298.086,1
33.84,0.918976,0.87395,1,0,0.01,34288.4,298.302,1
34.56,0.930608,0.883198,1,0,0.01,35017.9,298.518,1
35.28,0.942179,0.892351,1,0,0.01,35747.5,298.734,1
36,0.953692,0.90141,1,0,0.01,36477,298.95,1
36.72,0.965148,0.91038,1,0,0.01,37206.5,299.166,1
37.44,0.97655,0.919262,1,0,0.01,37936.1,299.382,1
38.16,0.9879,0.928059,1,0,0.01,38665.6,299.598,1
38.88,0.9992,0.936773,1,0,0.01,39395.2,299.814,1
39.6,1.01045,0.945407,1,0,0.01,40124.7,300.03,1
40.32,1.02166,0.953963,1,0,0.01,40854.2,300.246,1
41.04,1.03282,0.962443,1,0,0.01,41583.8,300.462,1
41.76,1.04393,0.970849,1,0,0.01,42313.3,300.678,1
42.48,1.05501,0.979182,1,0,0.01,43042.9,300.894,1
43.2,1.06605,0.987445,1,0,0.01,43772.4,301.11,1
43.92,1.07704,0.99564,1,0,0.01,44501.9,301.326,1
44.64,1.088,1.00377,1,0,0.01,45231.5,301.542,1
45.36,1.09893,1.01183,1,0,0.01,45961,301.758,1
46.08,1.10982,1.01983,1,0,0.01,46690.6,301.974,1
46.8,1.12068,1.02777,1,0,0.01,47420.1,302.19,1
47.52,1.1315,1.03564,1,0,0.01,48149.6,302.406,1
48.24,1.14229,1.04346,1,0,0.01,48879.2,302.622,1
48.96,1.15306,1.05122,1,0,0.01,49608.7,302.838,1
49.68,1.16379,1.05892,1,0,0.01,50338.3,303.054,1
50,1.16855,1.06232,1,0,0.01,50662.5,303.15,1
50.4,1.16983,1.06232,1,0,0.01,50662.5,303.27,1
51.12,1.17212,1.06232,1,0,0.01,50662.5,303.486,1
51.84,1.17442,1.06232,1,0,0.01,50662.5,303.702,1
52.56,1.17671,1.06232,1,0,0.01,50662.5,303.918,1
53.28,1.17901,1.06232,1,0,0.01,50662.5,304.134,1
54,1.1813,1.06232,1,0,0.01,50662.5,304.35,1
54.72,1.1836,1.06232,1,0,0.01,50662.5,304.566,1
55.44,1.18589,1.06232,1,0,0.01,50662.5,304.782,1
56.16,1.18819,1.06232,1,0,0.01,50662.5,304.998,1
56.88,1.19048,1.06232,1,0,0.01,50662.5,305.214,1
57.6,1.19278,1.06232,1,0,0.01,50662.5,305.43,1
58.32,1.19507,1.06232,1,0,0.01,50662.5,305.646,1
59.04,1.19736,1.06232,1,0,0.01,50662.5,305.862,1
59.76,1.19966,1.06232,1,0,0.01,50662.5,306.078,1
60.48,1.20195,1.06232,1,0,0.01,50662.5,306.294,1
61.2,1.20425,1.06232,1,0,0.01,50662.5,306.51,1
61.92,1.20654,1.06232,1,0,0.01,50662.5,306.726,1
62.64,1.20884,1.06232,1,0,0.01,50662.5,306.942,1
63.36,1.21113,1.06232,1,0,0.01,50662.5,307.158,1
64.08,1.21343,1.06232,1,0,0.01,50662.5,307.374,1
64.8,1.21572,1.06232,1,0,0.01,50662.5,307.59,1
65.52,1.21802,1.06232,1,0,0.01,50662.5,307.806,1
66.24,1.22031,1.06232,1,0,0.01,50662.5,308.022,1
66.96,1.22261,1.06232,1,0,0.01,50662.5,308.238,1
67.68,1.2249,1.06232,1,0,0.01,50662.5,308.454,1
68.4,1.22719,1.06232,1,0,0.01,50662.5,308.67,1
69.12,1.22949,1.06232,1,0,0.01,50662.5,308.886,1
69.84,1.23178,1.06232,1,0,0.01,50662.5,309.102,1
69.9,1.23229,1.06232,1,0,0.01,50662.5,309.15,1
70,1.23229,1.06232,1,0,0.01,50662.5,309.15,1
70.56,1.19296,1.02693,0.9832,0,0.01,50662.5,309.318,0.9832
71.28,1.14324,0.982302,0.9616,0,0.01,50662.5,309.534,0.9616
72,1.09449,0.938668,0.94,0,0.01,50662.5,309.75,0.94
72.72,1.0467,0.896025,0.9184,0,0.01,50662.5,309.966,0.9184
73.44,0.99989,0.854373,0.8968,0,0.01,50662.5,310.182,0.8968
74.16,0.954061,0.813712,0.8752,0,0.01,50662.5,310.398,0.8752
74.88,0.909222,0.774043,0.8536,0,0.01,50662.5,310.614,0.8536
75.6,0.865377,0.735365,0.832,0,0.01,50662.5,310.83,0.832
76.32,0.822535,0.697678,0.8104,0,0.01,50662.5,311.046,0.8104
77.04,0.7807,0.660983,0.7888,0,0.01,50662.5,311.262,0.7888
77.76,0.739879,0.625278,0.7672,0,0.01,50662.5,311.478,0.7672
78.48,0.70008,0.590565,0.7456,0,0.01,50662.5,311.694,0.7456
79.2,0.661308,0.556844,0.724,0,0.01,50662.5,311.91,0.724
79.92,0.623569,0.524113,0.7024,0,0.01,50662.5,312.126,0.7024
79.99,0.61944,0.520538,0.7,0,0.01,50662.5,312.15,0.7
80,0.61944,0.520538,0.7,0,0.01,50662.5,312.15,0.7
80.64,0.586871,0.492374,0.6808,0,0.01,50662.5,312.342,0.6808
81.36,0.551219,0.461626,0.6592,0,0.01,50662.5,312.558,0.6592
82.08,0.51662,0.43187,0.6376,0,0.01,50662.5,312.774,0.6376
82.8,0.48308,0.403105,0.616,0,0.01,50662.5,312.99,0.616
83.52,0.450607,0.37533,0.5944,0,0.01,50662.5,313.206,0.5944
84.24,0.419205,0.348548,0.5728,0,0.01,50662.5,313.422,0.5728
84.96,0.388883,0.322756,0.5512,0,0.01,50662.5,313.638,0.5512
84.99,0.38723,0.321352,0.55,0,0.01,50662.5,313.65,0.55
85,0.38723,0.321352,0.55,0,0.01,50662.5,313.65,0.55
85.68,0.359645,0.297956,0.5296,0,0.01,50662.5,313.854,0.5296
86.4,0.331499,0.274147,0.508,0,0.01,50662.5,314.07,0.508
87.12,0.30445,0.251329,0.4864,0,0.01,50662.5,314.286,0.4864
87.84,0.278507,0.229503,0.4648,0,0.01,50662.5,314.502,0.4648
88.56,0.253673,0.208668,0.4432,0,0.01,50662.5,314.718,0.4432
89.28,0.229958,0.188824,0.4216,0,0.01,50662.5,314.934,0.4216
90,0.207365,0.169972,0.4,0,0.01,50662.5,315.15,0.4
90.72,0.185903,0.15211,0.3784,0,0.01,50662.5,315.366,0.3784
91.44,0.165577,0.13524,0.3568,0,0.01,50662.5,315.582,0.3568
92.16,0.146394,0.119361,0.3352,0,0.01,50662.5,315.798,0.3352
92.88,0.128361,0.104474,0.3136,0,0.01,50662.5,316.014,0.3136
93.6,0.111483,0.0905778,0.292,0,0.01,50662.5,316.23,0.292
94.32,0.0957676,0.0776729,0.2704,0,0.01,50662.5,316.446,0.2704
95.04,0.0812206,0.0657593,0.2488,0,0.01,50662.5,316.662,0.2488
95.76,0.0678486,0.0548369,0.2272,0,0.01,50662.5,316.878,0.2272
96.48,0.0554102,0.0447058,0.2056,0,0.01,50662.5,317.094,0.205142
97.2,0.0527592,0.0424929,0.184,0,0.01,50662.5,317.31,0.2
97.92,0.052851,0.0424929,0.1624,0,0.01,50662.5,317.526,0.2
98.64,0.0529427,0.0424929,0.1408,0,0.01,50662.5,317.742,0.2
99.36,0.0530345,0.0424929,0.1192,0,0.01,50662.5,317.958,0.2
99.9,0.0531161,0.0424929,0.1,0,0.01,50662.5,318.15,0.2
100,0.0531161,0.0424929,0.1,0,0.01,50662.5,318.15,0.2
100.08,0.0531161,0.0424929,0.0997714,0,0.01,50662.5,318.15,0.2
100.8,0.0531161,0.0424929,0.0977143,0,0.01,50662.5,318.15,0.2
101.52,0.0531161,0.0424929,0.0956571,0,0.01,50662.5,318.15,0.2
102.24,0.0531161,0.0424929,0.0936,0,0.01,50662.5,318.15,0.2
102.96,0.0531161,0.0424929,0.0915429,0,0.01,50662.5,318.15,0.2
103.68,0.0531161,0.0424929,0.0894857,0,0.01,50662.5,318.15,0.2
104.4,0.0531161,0.0424929,0.0874286,0,0.01,50662.5,318.15,0.2
105.12,0.0531161,0.0424929,0.0853714,0,0.01,50662.5,318.15,0.2
105.84,0.0531161,0.0424929,0.0833143,0,0.01,50662.5,318.15,0.2
106.56,0.0531161,0.0424929,0.0812571,0,0.01,50662.5,318.15,0.2
107.28,0.0531161,0.0424929,0.0792,0,0.01,50662.5,318.15,0.2
108,0.0531161,0.0424929,0.0771429,0,0.01,50662.5,318.15,0.2
108.72,0.0531161,0.0424929,0.0750857,0,0.01,50662.5,318.15,0.2
109.44,0.0531161,0.0424929,0.0730286,0,0.01,50662.5,318.15,0.2
110.16,0.0531161,0.0424929,0.0709714,0,0.01,50662.5,318.15,0.2
110.88,0.0531161,0.0424929,0.0689143,0,0.01,50662.5,318.15,0.2
111.6,0.0531161,0.0424929,0.0668571,0,0.01,50662.5,318.15,0.2
112.32,0.0531161,0.0424929,0.0648,0,0.01,50662.5,318.15,0.2
113.04,0.0531161,0.0424929,0.0627429,0,0.01,50662.5,318.15,0.2
113.76,0.0531161,0.0424929,0.0606857,0,0.01,50662.5,318.15,0.2
114.48,0.0531161,0.0424929,0.0586286,0,0.01,50662.5,318.15,0.2
115.2,0.0531161,0.0424929,0.0565714,0,0.01,50662.5,318.15,0.2
115.92,0.0531161,0.0424929,0.0545143,0,0.01,50662.5,318.15,0.2
116.64,0.0531161,0.0424929,0.0524571,0,0.01,50662.5,318.15,0.2
117.36,0.0531161,0.0424929,0.0504,0,0.01,50662.5,318.15,0.2
118.08,0.0531161,0.0424929,0.0483429,0,0.01,50662.5,318.15,0.2
118.8,0.0531161,0.0424929,0.0462857,0,0.01,50662.5,318.15,0.2
119.52,0.0531161,0.0424929,0.0442286,0,0.01,50662.5,318.15,0.2
120.24,0.0531161,0.0424929,0.0421714,0,0.01,50662.5,318.15,0.2
120.96,0.0531161,0.0424929,0.0401143,0,0.01,50662.5,318.15,0.2
121.68,0.0531161,0.0424929,0.0380571,0,0.01,50662.5,318.15,0.2
122.4,0.0531161,0.0424929,0.036,0,0.01,50662.5,318.15,0.2
123.12,0.0531161,0.0424929,0.0339429,0,0.01,50662.5,318.15,0.2
123.84,0.0531161,0.0424929,0.0318857,0,0.01,50662.5,318.15,0.2
124.56,0.0531161,0.0424929,0.0298286,0,0.01,50662.5,318.15,0.2
125.28,0.0531161,0.0424929,0.0277714,0,0.01,50662.5,318.15,0.2
126,0.0531161,0.0424929,0.0257143,0,0.01,50662.5,318.15,0.2
126.72,0.0531161,0.0424929,0.0236571,0,0.01,50662.5,318.15,0.2
127.44,0.0531161,0.0424929,0.0216,0,0.01,50662.5,318.15,0.2
128.16,0.0531161,0.0424929,0.0195429,0,0.01,50662.5,318.15,0.2
128.88,0.0531161,0.0424929,0.0174857,0,0.01,50662.5,318.15,0.2
129.6,0.0531161,0.0424929,0.0154286,0,0.01,50662.5,318.15,0.2
130.32,0.0531161,0.0424929,0.0133714,0,0.01,50662.5,318.15,0.2
131.04,0.0531161,0.0424929,0.0113143,0,0.01,50662.5,318.15,0.2
131.76,0.0531161,0.0424929,0.00925714,0,0.01,50662.5,318.15,0.2
132.48,0.0531161,0.0424929,0.0072,0,0.01,50662.5,318.15,0.2
133.2,0.0531161,0.0424929,0.00514286,0,0.01,50662.5,318.15,0.2
133.92,0.0531161,0.0424929,0.00308571,0,0.01,50662.5,318.15,0.2
134.64,0.0531161,0.0424929,0.00102857,0,0.01,50662.5,318.15,0.2
134.9,0.0531161,0.0424929,1.77809e-17,0,0.01,50662.5,318.15,0.2
135,0.0531161,0.0424929,7.11237e-17,0,0.01,50662.5,318.15,0.2
135.36,0.0531161,0.0424929,0.0048,0,0.01,50662.5,318.15,0.2
136.08,0.0531161,0.0424929,0.0144,0,0.01,50662.5,318.15,0.2
136.8,0.0531161,0.0424929,0.024,0,0.01,50662.5,318.15,0.2
137.52,0.0531161,0.0424929,0.0336,0,0.01,50662.5,318.15,0.2
138.24,0.0531161,0.0424929,0.0432,0,0.01,50662.5,318.15,0.2
138.96,0.0531161,0.0424929,0.0528,0,0.01,50662.5,318.15,0.2
139.68,0.0531161,0.0424929,0.0624,0,0.01,50662.5,318.15,0.2
140.4,0.0531161,0.0424929,0.072,0,0.01,50662.5,318.15,0.2
141.12,0.0531161,0.0424929,0.0816,0,0.01,50662.5,318.15,0.2
141.84,0.0531161,0.0424929,0.0912,0,0.01,50662.5,318.15,0.2
142.56,0.0531161,0.0424929,0.1008,0,0.01,50662.5,318.15,0.2
143.28,0.0531161,0.0424929,0.1104,0,0.01,50662.5,318.15,0.2
144,0.0531161,0.0424929,0.12,0,0.01,50662.5,318.15,0.2
144.72,0.0531161,0.0424929,0.1296,0,0.01,50662.5,318.15,0.2
145.44,0.0531161,0.0424929,0.1392,0,0.01,50662.5,318.15,0.2
146.16,0.0531161,0.0424929,0.1488,0,0.01,50662.5,318.15,0.2
146.88,0.0531161,0.0424929,0.1584,0,0.01,50662.5,318.15,0.2
147.6,0.0531161,0.0424929,0.168,0,0.01,50662.5,318.15,0.2
148.32,0.0531161,0.0424929,0.1776,0,0.01,50662.5,318.15,0.2
149.04,0.0531161,0.0424929,0.1872,0,0.01,50662.5,318.15,0.2
149.76,0.0526923,0.0421539,0.1968,0,0.01,50662.5,318.15,0.199201
149.9,0.0531161,0.0424929,0.2,0,0.01,50662.5,318.15,0.2
150,0.0531161,0.0424929,0.2,0,0.01,50662.5,318.15,0.2
150.48,0.0583376,0.0466701,0.2096,0,0.01,50662.5,318.15,0.2096
151.2,0.0666288,0.0533031,0.224,0,0.01,50662.5,318.15,0.224
151.92,0.0754708,0.0603766,0.2384,0,0.01,50662.5,318.15,0.2384
152.64,0.0848634,0.0678907,0.2528,0,0.01,50662.5,318.15,0.2528
153.36,0.0948067,0.0758454,0.2672,0,0.01,50662.5,318.15,0.2672
154.08,0.105301,0.0842406,0.2816,0,0.01,50662.5,318.15,0.2816
154.8,0.116346,0.0930764,0.296,0,0.01,50662.5,318.15,0.296
155.52,0.127941,0.102353,0.3104,0,0.01,50662.5,318.15,0.3104
156.24,0.140087,0.11207,0.3248,0,0.01,50662.5,318.15,0.3248
156.96,0.152784,0.122227,0.3392,0,0.01,50662.5,318.15,0.3392
157.68,0.166032,0.132825,0.3536,0,0.01,50662.5,318.15,0.3536
158.4,0.17983,0.143864,0.368,0,0.01,50662.5,318.15,0.368
159.12,0.194179,0.155343,0.3824,0,0.01,50662.5,318.15,0.3824
159.84,0.209079,0.167263,0.3968,0,0.01,50662.5,318.15,0.3968
160.56,0.224529,0.179623,0.4112,0,0.01,50662.5,318.15,0.4112
161.28,0.24053,0.192424,0.4256,0,0.01,50662.5,318.15,0.4256
162,0.257082,0.205666,0.44,0,0.01,50662.5,318.15,0.44
162.72,0.274184,0.219348,0.4544,0,0.01,50662.5,318.15,0.4544
163.44,0.291838,0.23347,0.4688,0,0.01,50662.5,318.15,0.4688
164.16,0.310042,0.248033,0.4832,0,0.01,50662.5,318.15,0.4832
164.88,0.328796,0.263037,0.4976,0,0.01,50662.5,318.15,0.4976
165.6,0.348102,0.278481,0.512,0,0.01,50662.5,318.15,0.512
166.32,0.367958,0.294366,0.5264,0,0.01,50662.5,318.15,0.5264
167.04,0.388365,0.310692,0.5408,0,0.01,50662.5,318.15,0.5408
167.76,0.409322,0.327458,0.5552,0,0.01,50662.5,318.15,0.5552
168.48,0.43083,0.344664,0.5696,0,0.01,50662.5,318.15,0.5696
169.2,0.452889,0.362311,0.584,0,0.01,50662.5,318.15,0.584
169.92,0.476451,0.381161,0.5984,0,0.01,50662.5,318.15,0.598999
170.64,0.478045,0.382436,0.6128,0,0.01,50662.5,318.15,0.6
171.36,0.478045,0.382436,0.6272,0,0.01,50662.5,318.15,0.6
172.08,0.478045,0.382436,0.6416,0,0.01,50662.5,318.15,0.6
172.8,0.478045,0.382436,0.656,0,0.01,50662.5,318.15,0.6
173.52,0.478045,0.382436,0.6704,0,0.01,50662.5,318.15,0.6
174.24,0.478045,0.382436,0.6848,0,0.01,50662.5,318.15,0.6
174.96,0.478045,0.382436,0.6992,0,0.01,50662.5,318.15,0.6
175.68,0.478045,0.382436,0.7136,0,0.01,50662.5,318.15,0.6
176.4,0.478045,0.382436,0.728,0,0.01,50662.5,318.15,0.6
177.12,0.478045,0.382436,0.7424,0,0.01,50662.5,318.15,0.6
177.84,0.478045,0.382436,0.7568,0,0.01,50662.5,318.15,0.6
178.56,0.478045,0.382436,0.7712,0,0.01,50662.5,318.15,0.6
179.28,0.478045,0.382436,0.7856,0,0.01,50662.5,318.15,0.6
179.9,0.478045,0.382436,0.8,0,0.01,50662.5,318.15,0.6
180,0.478045,0.382436,0.8,0,0.01,50662.5,318.15,0.6
180.72,0.478045,0.382436,0.8024,0,0.01,50662.5,318.15,0.6
181.44,0.478045,0.382436,0.8048,0,0.01,50662.5,318.15,0.6
182.16,0.478045,0.382436,0.8072,0,0.01,50662.5,318.15,0.6
182.88,0.478045,0.382436,0.8096,0,0.01,50662.5,318.15,0.6
183.6,0.478045,0.382436,0.812,0,0.01,50662.5,318.15,0.6
184.32,0.478045,0.382436,0.8144,0,0.01,50662.5,318.15,0.6
185.04,0.478045,0.382436,0.8168,0,0.01,50662.5,318.15,0.6
185.76,0.478045,0.382436,0.8192,0,0.01,50662.5,318.15,0.6
186.48,0.478045,0.382436,0.8216,0,0.01,50662.5,318.15,0.6
187.2,0.478045,0.382436,0.824,0,0.01,50662.5,318.15,0.6
187.92,0.478045,0.382436,0.8264,0,0.01,50662.5,318.15,0.6
188.64,0.478045,0.382436,0.8288,0,0.01,50662.5,318.15,0.6
189.36,0.478045,0.382436,0.8312,0,0.01,50662.5,318.15,0.6
190.08,0.478045,0.382436,0.8336,0,0.01,50662.5,318.15,0.6
190.8,0.478045,0.382436,0.836,0,0.01,50662.5,318.15,0.6
191.52,0.478045,0.382436,0.8384,0,0.01,50662.5,318.15,0.6
192.24,0.478045,0.382436,0.8408,0,0.01,50662.5,318.15,0.6
192.96,0.478045,0.382436,0.8432,0,0.01,50662.5,318.15,0.6
193.68,0.478045,0.382436,0.8456,0,0.01,50662.5,318.15,0.6
194.4,0.478045,0.382436,0.848,0,0.01,50662.5,318.15,0.6
195.12,0.478045,0.382436,0.8504,0,0.01,50662.5,318.15,0.6
195.84,0.478045,0.382436,0.8528,0,0.01,50662.5,318.15,0.6
196.56,0.478045,0.382436,0.8552,0,0.01,50662.5,318.15,0.6
197.28,0.478045,0.382436,0.8576,0,0.01,50662.5,318.15,0.6
198,0.478045,0.382436,0.86,0,0.01,50662.5,318.15,0.6
198.72,0.478045,0.382436,0.8624,0,0.01,50662.5,318.15,0.6
199.44,0.478045,0.382436,0.8648,0,0.01,50662.5,318.15,0.6
200.16,0.478045,0.382436,0.8672,0,0.01,50662.5,318.15,0.6
200.88,0.478045,0.382436,0.8696,0,0.01,50662.5,318.15,0.6
201.6,0.478045,0.382436,0.872,0,0.01,50662.5,318.15,0.6
202.32,0.478045,0.382436,0.8744,0,0.01,50662.5,318.15,0.6
203.04,0.478045,0.382436,0.8768,0,0.01,50662.5,318.15,0.6
203.76,0.478045,0.382436,0.8792,0,0.01,50662.5,318.15,0.6
204.48,0.478045,0.382436,0.8816,0,0.01,50662.5,318.15,0.6
205.2,0.478045,0.382436,0.884,0,0.01,50662.5,318.15,0.6
205.92,0.478045,0.382436,0.8864,0,0.01,50662.5,318.15,0.6
206.64,0.478045,0.382436,0.8888,0,0.01,50662.5,318.15,0.6
207.36,0.478045,0.382436,0.8912,0,0.01,50662.5,318.15,0.6
208.08,0.478045,0.382436,0.8936,0,0.01,50662.5,318.15,0.6
208.8,0.478045,0.382436,0.896,0,0.01,50662.5,318.15,0.6
209.52,0.478045,0.382436,0.8984,0,0.01,50662.5,318.15,0.6
210.24,0.478045,0.382436,0.9008,0,0.01,50662.5,318.15,0.6
210.96,0.478045,0.382436,0.9032,0,0.01,50662.5,318.15,0.6
211.68,0.478045,0.382436,0.9056,0,0.01,50662.5,318.15,0.6
212.4,0.478045,0.382436,0.908,0,0.01,50662.5,318.15,0.6
213.12,0.478045,0.382436,0.9104,0,0.01,50662.5,318.15,0.6
213.84,0.478045,0.382436,0.9128,0,0.01,50662.5,318.15,0.6
214.56,0.478045,0.382436,0.9152,0,0.01,50662.5,318.15,0.6
215.28,0.478045,0.382436,0.9176,0,0.01,50662.5,318.15,0.6
216,0.478045,0.382436,0.92,0,0.01,50662.5,318.15,0.6
216.72,0.478045,0.382436,0.9224,0,0.01,50662.5,318.15,0.6
217.44,0.478045,0.382436,0.9248,0,0.01,50662.5,318.15,0.6
218.16,0.478045,0.382436,0.9272,0,0.01,50662.5,318.15,0.6
218.88,0.478045,0.382436,0.9296,0,0.01,50662.5,318.15,0.6
219.6,0.478045,0.382436,0.932,0,0.01,50662.5,318.15,0.6
220.32,0.478045,0.382436,0.9344,0,0.01,50662.5,318.15,0.6
221.04,0.478045,0.382436,0.9368,0,0.01,50662.5,318.15,0.6
221.76,0.478045,0.382436,0.9392,0,0.01,50662.5,318.15,0.6
222.48,0.478045,0.382436,0.9416,0,0.01,50662.5,318.15,0.6
223.2,0.478045,0.382436,0.944,0,0.01,50662.5,318.15,0.6
223.92,0.478045,0.382436,0.9464,0,0.01,50662.5,318.15,0.6
224.64,0.478045,0.382436,0.9488,0,0.01,50662.5,318.15,0.6
225.36,0.478045,0.382436,0.9512,0,0.01,50662.5,318.15,0.6
226.08,0.478045,0.382436,0.9536,0,0.01,50662.5,318.15,0.6
226.8,0.478045,0.382436,0.956,0,0.01,50662.5,318.15,0.6
227.52,0.478045,0.382436,0.9584,0,0.01,50662.5,318.15,0.6
228.24,0.478045,0.382436,0.9608,0,0.01,50662.5,318.15,0.6
228.96,0.478045,0.382436,0.9632,0,0.01,50662.5,318.15,0.6
229.68,0.478045,0.382436,0.9656,0,0.01,50662.5,318.15,0.6
230.4,0.478045,0.382436,0.968,0,0.01,50662.5,318.15,0.6
231.12,0.478045,0.382436,0.9704,0,0.01,50662.5,318.15,0.6
231.84,0.478045,0.382436,0.9728,0,0.01,50662.5,318.15,0.6
232.56,0.478045,0.382436,0.9752,0,0.01,50662.5,318.15,0.6
233.28,0.478045,0.382436,0.9776,0,0.01,50662.5,318.15,0.6
234,0.478045,0.382436,0.98,0,0.01,50662.5,318.15,0.6
234.72,0.478045,0.382436,0.9824,0,0.01,50662.5,318.15,0.6
235.44,0.478045,0.382436,0.9848,0,0.01,50662.5,318.15,0.6
236.16,0.478045,0.382436,0.9872,0,0.01,50662.5,318.15,0.6
236.88,0.478045,0.382436,0.9896,0,0.01,50662.5,318.15,0.6
237.6,0.478045,0.382436,0.992,0,0.01,50662.5,318.15,0.6
238.32,0.478045,0.382436,0.9944,0,0.01,50662.5,318.15,0.6
239.04,0.478045,0.382436,0.9968,0,0.01,50662.5,318.15,0.6
239.76,0.478045,0.382436,0.9992,0,0.01,50662.5,318.15,0.6
239.9,0.478045,0.382436,1,0,0.01,50662.5,318.15,0.6
240,0.478045,0.382436,1,0,0.01,50662.5,318.15,0.6
240.48,0.489587,0.39167,1,0,0.01,50662.5,318.15,0.6072
241.2,0.507158,0.405726,1,0,0.01,50662.5,318.15,0.618
241.92,0.525039,0.420031,1,0,0.01,50662.5,318.15,0.6288
242.64,0.543229,0.434583,1,0,0.01,50662.5,318.15,0.6396
243.36,0.56173,0.449384,1,0,0.01,50662.5,318.15,0.6504
244.08,0.58054,0.464432,1,0,0.01,50662.5,318.15,0.6612
244.8,0.59966,0.479728,1,0,0.01,50662.5,318.15,0.672
245.52,0.619089,0.495271,1,0,0.01,50662.5,318.15,0.6828
246.24,0.638829,0.511063,1,0,0.01,50662.5,318.15,0.6936
246.96,0.658878,0.527102,1,0,0.01,50662.5,318.15,0.7044
247.68,0.679237,0.543389,1,0,0.01,50662.5,318.15,0.7152
248.4,0.699906,0.559924,1,0,0.01,50662.5,318.15,0.726
249.12,0.720884,0.576707,1,0,0.01,50662.5,318.15,0.7368
249.84,0.742172,0.593738,1,0,0.01,50662.5,318.15,0.7476
250.56,0.763771,0.611016,1,0,0.01,50662.5,318.15,0.7584
251.28,0.785678,0.628543,1,0,0.01,50662.5,318.15,0.7692
252,0.807896,0.646317,1,0,0.01,50662.5,318.15,0.78
252.72,0.830423,0.664339,1,0,0.01,50662.5,318.15,0.7908
253.44,0.853261,0.682608,1,0,0.01,50662.5,318.15,0.8016
254.16,0.876407,0.701126,1,0,0.01,50662.5,318.15,0.8124
254.88,0.899864,0.719891,1,0,0.01,50662.5,318.15,0.8232
255.6,0.923631,0.738905,1,0,0.01,50662.5,318.15,0.834
256.32,0.947707,0.758166,1,0,0.01,50662.5,318.15,0.8448
257.04,0.972093,0.777674,1,0,0.01,50662.5,318.15,0.8556
257.76,0.996789,0.797431,1,0,0.01,50662.5,318.15,0.8664
258.48,1.02179,0.817435,1,0,0.01,50662.5,318.15,0.8772
259.2,1.04711,0.837688,1,0,0.01,50662.5,318.15,0.888
259.92,1.07273,0.858188,1,0,0.01,50662.5,318.15,0.8988
259.99,1.0756,0.860481,1,0,0.01,50662.5,318.15,0.9
260,1.0756,0.860481,1,0,0.01,50662.5,318.15,0.9
260.64,1.0756,0.860481,1,0,0.01,50662.5,318.15,0.9
261.36,1.0756,0.860481,1,0,0.01,50662.5,318.15,0.9
262.08,1.0756,0.860481,1,0,0.01,50662.5,318.15,0.9
262.8,1.0756,0.860481,1,0,0.01,50662.5,318.15,0.9
263.52,1.0756,0.860481,1,0,0.01,50662.5,318.15,0.9
264.24,1.0756,0.860481,1,0,0.01,50662.5,318.15,0.9
264.96,1.0756,0.860481,1,0,0.01,50662.5,318.15,0.9
265.68,1.0756,0.860481,1,0,0.01,50662.5,318.15,0.9
266.4,1.0756,0.860481,1,0,0.01,50662.5,318.15,0.9
267.12,1.0756,0.860481,1,0,0.01,50662.5,318.15,0.9
267.84,1.0756,0.860481,1,0,0.01,50662.5,318.15,0.9
268.56,1.0756,0.860481,1,0,0.01,50662.5,318.15,0.9
269.28,1.0756,0.860481,1,0,0.01,50662.5,318.15,0.9
270,1.0756,0.860481,1,0,0.01,50662.5,318.15,0.9
270.72,1.0756,0.860481,1,0,0.01,50662.5,318.15,0.9
271.44,1.0756,0.860481,1,0,0.01,50662.5,318.15,0.9
272.16,1.0756,0.860481,1,0,0.01,50662.5,318.15,0.9
272.88,1.0756,0.860481,1,0,0.01,50662.5,318.15,0.9
273.6,1.0756,0.860481,1,0,0.01,50662.5,318.15,0.9
274.32,1.0756,0.860481,1,0,0.01,50662.5,318.15,0.9
275.04,1.0756,0.860481,1,0,0.01,50662.5,318.15,0.9
275.76,1.0756,0.860481,1,0,0.01,50662.5,318.15,0.9
276.48,1.0756,0.860481,1,0,0.01,50662.5,318.15,0.9
277.2,1.0756,0.860481,1,0,0.01,50662.5,318.15,0.9
277.92,1.0756,0.860481,1,0,0.01,50662.5,318.15,0.9
278.64,1.0756,0.860481,1,0,0.01,50662.5,318.15,0.9
279.36,1.0756,0.860481,1,0,0.01,50662.5,318.15,0.9
280.08,1.0756,0.860481,1,0,0.01,50662.5,318.15,0.9
280.8,1.0756,0.860481,1,0,0.01,50662.5,318.15,0.9
281.52,1.0756,0.860481,1,0,0.01,50662.5,318.15,0.9
282.24,1.0756,0.860481,1,0,0.01,50662.5,318.15,0.9
282.96,1.0756,0.860481,1,0,0.01,50662.5,318.15,0.9
283.68,1.0756,0.860481,1,0,0.01,50662.5,318.15,0.9
284.4,1.0756,0.860481,1,0,0.01,50662.5,318.15,0.9
285.12,1.0756,0.860481,1,0,0.01,50662.5,318.15,0.9
285.84,1.0756,0.860481,1,0,0.01,50662.5,318.15,0.9
286.56,1.0756,0.860481,1,0,0.01,50662.5,318.15,0.9
287.28,1.0756,0.860481,1,0,0.01,50662.5,318.15,0.9
288,1.0756,0.860481,1,0,0.01,50662.5,318.15,0.9
288.72,1.0756,0.860481,1,0,0.01,50662.5,318.15,0.9
289.44,1.0756,0.860481,1,0,0.01,50662.5,318.15,0.9
290.16,1.0756,0.860481,1,0,0.01,50662.5,318.15,0.9
290.88,1.0756,0.860481,1,0,0.01,50662.5,318.15,0.9
291.6,1.0756,0.860481,1,0,0.01,50662.5,318.15,0.9
292.32,1.0756,0.860481,1,0,0.01,50662.5,318.15,0.9
293.04,1.0756,0.860481,1,0,0.01,50662.5,318.15,0.9
293.76,1.0756,0.860481,1,0,0.01,50662.5,318.15,0.9
294.48,1.0756,0.860481,1,0,0.01,50662.5,318.15,0.9
295.2,1.0756,0.860481,1,0,0.01,50662.5,318.15,0.9
295.92,1.0756,0.860481,1,0,0.01,50662.5,318.15,0.9
296.64,1.0756,0.860481,1,0,0.01,50662.5,318.15,0.9
297.36,1.0756,0.860481,1,0,0.01,50662.5,318.15,0.9
298.08,1.0756,0.860481,1,0,0.01,50662.5,318.15,0.9
298.8,1.0756,0.860481,1,0,0.01,50662.5,318.15,0.9
299.52,1.0756,0.860481,1,0,0.01,50662.5,318.15,0.9
300.24,1.0756,0.860481,1,0,0.01,50662.5,318.15,0.9
300.96,1.0756,0.860481,1,0,0.01,50662.5,318.15,0.9
301.68,1.0756,0.860481,1,0,0.01,50662.5,318.15,0.9
302.4,1.0756,0.860481,1,0,0.01,50662.5,318.15,0.9
303.12,1.0756,0.860481,1,0,0.01,50662.5,318.15,0.9
303.84,1.0756,0.860481,1,0,0.01,50662.5,318.15,0.9
304.56,1.0756,0.860481,1,0,0.01,50662.5,318.15,0.9
305.28,1.0756,0.860481,1,0,0.01,50662.5,318.15,0.9
306,1.0756,0.860481,1,0,0.01,50662.5,318.15,0.9
306.72,1.0756,0.860481,1,0,0.01,50662.5,318.15,0.9
307.44,1.0756,0.860481,1,0,0.01,50662.5,318.15,0.9
308.16,1.0756,0.860481,1,0,0.01,50662.5,318.15,0.9
308.88,1.0756,0.860481,1,0,0.01,50662.5,318.15,0.9
309.6,1.0756,0.860481,1,0,0.01,50662.5,318.15,0.9
310.32,1.0756,0.860481,1,0,0.01,50662.5,318.15,0.9
311.04,1.0756,0.860481,1,0,0.01,50662.5,318.15,0.9
311.76,1.0756,0.860481,1,0,0.01,50662.5,318.15,0.9
312.48,1.0756,0.860481,1,0,0.01,50662.5,318.15,0.9
313.2,1.0756,0.860481,1,0,0.01,50662.5,318.15,0.9
313.92,1.0756,0.860481,1,0,0.01,50662.5,318.15,0.9
314.64,1.0756,0.860481,1,0,0.01,50662.5,318.15,0.9
315.36,1.0756,0.860481,1,0,0.01,50662.5,318.15,0.9
316.08,1.0756,0.860481,1,0,0.01,50662.5,318.15,0.9
316.8,1.0756,0.860481,1,0,0.01,50662.5,318.15,0.9
317.52,1.0756,0.860481,1,0,0.01,50662.5,318.15,0.9
318.24,1.0756,0.860481,1,0,0.01,50662.5,318.15,0.9
318.96,1.0756,0.860481,1,0,0.01,50662.5,318.15,0.9
319.68,1.0756,0.860481,1,0,0.01,50662.5,318.15,0.9
320.4,1.0756,0.860481,1,0,0.01,50662.5,318.15,0.9
321.12,1.0756,0.860481,1,0,0.01,50662.5,318.15,0.9
321.84,1.0756,0.860481,1,0,0.01,50662.5,318.15,0.9
322.56,1.0756,0.860481,1,0,0.01,50662.5,318.15,0.9
323.28,1.0756,0.860481,1,0,0.01,50662.5,318.15,0.9
324,1.0756,0.860481,1,0,0.01,50662.5,318.15,0.9
324.72,1.0756,0.860481,1,0,0.01,50662.5,318.15,0.9
325.44,1.0756,0.860481,1,0,0.01,50662.5,318.15,0.9
326.16,1.0756,0.860481,1,0,0.01,50662.5,318.15,0.9
326.88,1.0756,0.860481,1,0,0.01,50662.5,318.15,0.9
327.6,1.0756,0.860481,1,0,0.01,50662.5,318.15,0.9
328.32,1.0756,0.860481,1,0,0.01,50662.5,318.15,0.9
329.04,1.0756,0.860481,1,0,0.01,50662.5,318.15,0.9
329.76,1.0756,0.860481,1,0,0.01,50662.5,318.15,0.9
330.48,1.0756,0.860481,1,0,0.01,50662.5,318.15,0.9
331.2,1.0756,0.860481,1,0,0.01,50662.5,318.15,0.9
331.92,1.0756,0.860481,1,0,0.01,50662.5,318.15,0.9
332.64,1.0756,0.860481,1,0,0.01,50662.5,318.15,0.9
333.36,1.0756,0.860481,1,0,0.01,50662.5,318.15,0.9
334.08,1.0756,0.860481,1,0,0.01,50662.5,318.15,0.9
334.8,1.0756,0.860481,1,0,0.01,50662.5,318.15,0.9
335.52,1.0756,0.860481,1,0,0.01,50662.5,318.15,0.9
336.24,1.0756,0.860481,1,0,0.01,50662.5,318.15,0.9
336.96,1.0756,0.860481,1,0,0.01,50662.5,318.15,0.9
337.68,1.0756,0.860481,1,0,0.01,50662.5,318.15,0.9
338.4,1.0756,0.860481,1,0,0.01,50662.5,318.15,0.9
339.12,1.0756,0.860481,1,0,0.01,50662.5,318.15,0.9
339.84,1.0756,0.860481,1,0,0.01,50662.5,318.15,0.9
340.56,1.0756,0.860481,1,0,0.01,50662.5,318.15,0.9
341.28,1.0756,0.860481,1,0,0.01,50662.5,318.15,0.9
342,1.0756,0.860481,1,0,0.01,50662.5,318.15,0.9
342.72,1.0756,0.860481,1,0,0.01,50662.5,318.15,0.9
343.44,1.0756,0.860481,1,0,0.01,50662.5,318.15,0.9
344.16,1.0756,0.860481,1,0,0.01,50662.5,318.15,0.9
344.88,1.0756,0.860481,1,0,0.01,50662.5,318.15,0.9
345.6,1.0756,0.860481,1,0,0.01,50662.5,318.15,0.9
346.32,1.0756,0.860481,1,0,0.01,50662.5,318.15,0.9
347.04,1.0756,0.860481,1,0,0.01,50662.5,318.15,0.9
347.76,1.0756,0.860481,1,0,0.01,50662.5,318.15,0.9
348.48,1.0756,0.860481,1,0,0.01,50662.5,318.15,0.9
349.2,1.0756,0.860481,1,0,0.01,50662.5,318.15,0.9
349.92,1.0756,0.860481,1,0,0.01,50662.5,318.15,0.9
350.64,1.0756,0.860481,1,0,0.01,50662.5,318.15,0.9
351.36,1.0756,0.860481,1,0,0.01,50662.5,318.15,0.9
352.08,1.0756,0.860481,1,0,0.01,50662.5,318.15,0.9
352.8,1.0756,0.860481,1,0,0.01,50662.5,318.15,0.9
353.52,1.0756,0.860481,1,0,0.01,50662.5,318.15,0.9
354.24,1.0756,0.860481,1,0,0.01,50662.5,318.15,0.9
354.96,1.0756,0.860481,1,0,0.01,50662.5,318.15,0.9
355.68,1.0756,0.860481,1,0,0.01,50662.5,318.15,0.9
356.4,1.0756,0.860481,1,0,0.01,50662.5,318.15,0.9
357.12,1.0756,0.860481,1,0,0.01,50662.5,318.15,0.9
357.84,1.0756,0.860481,1,0,0.01,50662.5,318.15,0.9
358.56,1.0756,0.860481,1,0,0.01,50662.5,318.15,0.9
359.28,1.0756,0.860481,1,0,0.01,50662.5,318.15,0.9
360,1.0756,0.860481,1,0,0.01,50662.5,318.15,0.9
